Timestamp,Cultivation,Parameter,Value,Setpoint
2025-08-20 00:00,PA-P2-TOV,Temperature,17.8,18.0
2025-08-20 00:00,PA-P2-TOV,CO2,475,450
2025-08-20 00:00,PA-P2-TOV,Relative humidity,84.0,80
2025-08-20 01:00,PA-P2-TOV,Temperature,17.0,18.0
2025-08-20 02:00,PA-P2-TOV,Temperature,16.9,18.0
2025-08-20 02:00,PA-P2-TOV,CO2,481,450
2025-08-20 02:00,PA-P2-TOV,Relative humidity,83.2,80
2025-08-20 03:00,PA-P2-TOV,Temperature,16.9,18.0
2025-08-20 04:00,PA-P2-TOV,Temperature,16.9,18.0
2025-08-20 04:00,PA-P2-TOV,CO2,487,450
2025-08-20 04:00,PA-P2-TOV,Relative humidity,81.0,80
2025-08-20 05:00,PA-P2-TOV,Temperature,17.6,18.0
2025-08-20 06:00,PA-P2-TOV,Temperature,21.7,22.5
2025-08-20 06:00,PA-P2-TOV,CO2,643,600
2025-08-20 06:00,PA-P2-TOV,Relative humidity,78.0,80
2025-08-20 07:00,PA-P2-TOV,Temperature,21.9,22.5
2025-08-20 08:00,PA-P2-TOV,Temperature,22.1,22.5
2025-08-20 08:00,PA-P2-TOV,CO2,629,600
2025-08-20 08:00,PA-P2-TOV,Relative humidity,75.0,80
2025-08-20 09:00,PA-P2-TOV,Temperature,22.3,22.5
2025-08-20 10:00,PA-P2-TOV,Temperature,23.1,22.5
2025-08-20 10:00,PA-P2-TOV,CO2,540,600
2025-08-20 10:00,PA-P2-TOV,Relative humidity,72.8,80
2025-08-20 11:00,PA-P2-TOV,Temperature,22.8,22.5
2025-08-20 12:00,PA-P2-TOV,Temperature,22.9,22.5
2025-08-20 12:00,PA-P2-TOV,CO2,546,600
2025-08-20 12:00,PA-P2-TOV,Relative humidity,72.0,80
2025-08-20 13:00,PA-P2-TOV,Temperature,23.1,22.5
2025-08-20 14:00,PA-P2-TOV,Temperature,23.2,22.5
2025-08-20 14:00,PA-P2-TOV,CO2,532,600
2025-08-20 14:00,PA-P2-TOV,Relative humidity,72.8,80
2025-08-20 15:00,PA-P2-TOV,Temperature,23.8,22.5
2025-08-20 16:00,PA-P2-TOV,Temperature,23.2,22.5
2025-08-20 16:00,PA-P2-TOV,CO2,633,600
2025-08-20 16:00,PA-P2-TOV,Relative humidity,75.0,80
2025-08-20 17:00,PA-P2-TOV,Temperature,23.1,22.5
2025-08-20 18:00,PA-P2-TOV,Temperature,22.9,22.5
2025-08-20 18:00,PA-P2-TOV,CO2,489,450
2025-08-20 18:00,PA-P2-TOV,Relative humidity,78.0,80
2025-08-20 19:00,PA-P2-TOV,Temperature,22.8,22.5
2025-08-20 20:00,PA-P2-TOV,Temperature,18.6,18.0
2025-08-20 20:00,PA-P2-TOV,CO2,475,450
2025-08-20 20:00,PA-P2-TOV,Relative humidity,81.0,80
2025-08-20 21:00,PA-P2-TOV,Temperature,17.8,18.0
2025-08-20 22:00,PA-P2-TOV,Temperature,17.6,18.0
2025-08-20 22:00,PA-P2-TOV,CO2,481,450
2025-08-20 22:00,PA-P2-TOV,Relative humidity,83.2,80
2025-08-20 23:00,PA-P2-TOV,Temperature,17.4,18.0
2025-08-21 00:00,PA-P2-TOV,Temperature,17.8,18.0
2025-08-21 00:00,PA-P2-TOV,CO2,475,450
2025-08-21 00:00,PA-P2-TOV,Relative humidity,84.0,80
2025-08-21 01:00,PA-P2-TOV,Temperature,17.0,18.0
2025-08-21 02:00,PA-P2-TOV,Temperature,16.9,18.0
2025-08-21 02:00,PA-P2-TOV,CO2,481,450
2025-08-21 02:00,PA-P2-TOV,Relative humidity,83.2,80
2025-08-21 03:00,PA-P2-TOV,Temperature,16.9,18.0
2025-08-21 04:00,PA-P2-TOV,Temperature,16.9,18.0
2025-08-21 04:00,PA-P2-TOV,CO2,487,450
2025-08-21 04:00,PA-P2-TOV,Relative humidity,81.0,80
2025-08-21 05:00,PA-P2-TOV,Temperature,17.6,18.0
2025-08-21 06:00,PA-P2-TOV,Temperature,21.7,22.5
2025-08-21 06:00,PA-P2-TOV,CO2,643,600
2025-08-21 06:00,PA-P2-TOV,Relative humidity,78.0,80
2025-08-21 07:00,PA-P2-TOV,Temperature,21.9,22.5
2025-08-21 08:00,PA-P2-TOV,Temperature,22.1,22.5
2025-08-21 08:00,PA-P2-TOV,CO2,629,600
2025-08-21 08:00,PA-P2-TOV,Relative humidity,75.0,80
2025-08-21 09:00,PA-P2-TOV,Temperature,22.3,22.5
2025-08-21 10:00,PA-P2-TOV,Temperature,23.1,22.5
2025-08-21 10:00,PA-P2-TOV,CO2,540,600
2025-08-21 10:00,PA-P2-TOV,Relative humidity,72.8,80
2025-08-21 11:00,PA-P2-TOV,Temperature,22.8,22.5
2025-08-21 12:00,PA-P2-TOV,Temperature,22.9,22.5
2025-08-21 12:00,PA-P2-TOV,CO2,546,600
2025-08-21 12:00,PA-P2-TOV,Relative humidity,72.0,80
2025-08-21 13:00,PA-P2-TOV,Temperature,23.1,22.5
2025-08-21 14:00,PA-P2-TOV,Temperature,23.2,22.5
2025-08-21 14:00,PA-P2-TOV,CO2,532,600
2025-08-21 14:00,PA-P2-TOV,Relative humidity,72.8,80
2025-08-21 15:00,PA-P2-TOV,Temperature,23.8,22.5
2025-08-21 16:00,PA-P2-TOV,Temperature,23.2,22.5
2025-08-21 16:00,PA-P2-TOV,CO2,633,600
2025-08-21 16:00,PA-P2-TOV,Relative humidity,75.0,80
2025-08-21 17:00,PA-P2-TOV,Temperature,23.1,22.5
2025-08-21 18:00,PA-P2-TOV,Temperature,22.9,22.5
2025-08-21 18:00,PA-P2-TOV,CO2,489,450
2025-08-21 18:00,PA-P2-TOV,Relative humidity,78.0,80
2025-08-21 19:00,PA-P2-TOV,Temperature,22.8,22.5
2025-08-21 20:00,PA-P2-TOV,Temperature,18.6,18.0
2025-08-21 20:00,PA-P2-TOV,CO2,475,450
2025-08-21 20:00,PA-P2-TOV,Relative humidity,81.0,80
2025-08-21 21:00,PA-P2-TOV,Temperature,17.8,18.0
2025-08-21 22:00,PA-P2-TOV,Temperature,17.6,18.0
2025-08-21 22:00,PA-P2-TOV,CO2,481,450
2025-08-21 22:00,PA-P2-TOV,Relative humidity,83.2,80
2025-08-21 23:00,PA-P2-TOV,Temperature,17.4,18.0
